freq, magnitude
50.000, 0.038
52.041, 0.038
54.082, 0.038
56.122, 0.038
58.163, 0.038
60.204, 0.038
62.245, 0.038
64.286, 0.038
66.327, 0.038
68.367, 0.038
70.408, 0.038
72.449, 0.038
74.490, 0.038
76.531, 0.038
78.571, 0.038
80.612, 0.038
82.653, 0.038
84.694, 0.038
86.735, 0.038
88.776, 0.038
90.816, 0.038
92.857, 0.038
94.898, 0.038
96.939, 0.038
98.980, 0.038
101.020, 0.038
103.061, 0.038
105.102, 0.038
107.143, 0.038
109.184, 0.038
111.224, 0.038
113.265, 0.038
115.306, 0.038
117.347, 0.038
119.388, 0.038
121.429, 0.038
123.469, 0.038
125.510, 0.038
127.551, 0.038
129.592, 0.038
131.633, 0.038
133.673, 0.038
135.714, 0.038
137.755, 0.038
139.796, 0.038
141.837, 0.038
143.878, 0.038
145.918, 0.038
147.959, 0.038
150.000, 0.038
